{
  "version": "7",
  "dialect": "mysql",
  "entries": [
    {
      "idx": 0,
      "version": "5",
      "when": 1762172376070,
      "tag": "0000_smooth_silver_sable",
      "breakpoints": true
    },
    {
      "idx": 1,
      "version": "5",
      "when": 1762172409459,
      "tag": "0001_bored_polaris",
      "breakpoints": true
    },
    {
      "idx": 2,
      "version": "5",
      "when": 1763348908918,
      "tag": "0002_adorable_blue_shield",
      "breakpoints": true
    },
    {
      "idx": 3,
      "version": "5",
      "when": 1763549381087,
      "tag": "0003_absent_phantom_reporter",
      "breakpoints": true
    }
  ]
}